<?xml version="1.0"?>
<!DOCTYPE hibernate-mapping PUBLIC "-//Hibernate/Hibernate Mapping DTD 3.0//EN" "http://hibernate.sourceforge.net/hibernate-mapping-3.0.dtd">

<hibernate-mapping auto-import="false" default-lazy="false">
	<import class="mainbuilder.model.Users" />
	<class name="mainbuilder.model.impl.UsersImpl" table="Lr_Users">
		<id access="com.liferay.portal.dao.orm.hibernate.LiferayPropertyAccessor" column="id_" name="id" type="long">
			<generator class="assigned" />
		</id>
		<property access="com.liferay.portal.dao.orm.hibernate.LiferayPropertyAccessor" column="uuid_" name="uuid" type="com.liferay.portal.dao.orm.hibernate.StringType" />
		<property access="com.liferay.portal.dao.orm.hibernate.LiferayPropertyAccessor" name="firstname" type="com.liferay.portal.dao.orm.hibernate.StringType" />
		<property access="com.liferay.portal.dao.orm.hibernate.LiferayPropertyAccessor" name="lastname" type="com.liferay.portal.dao.orm.hibernate.StringType" />
		<property access="com.liferay.portal.dao.orm.hibernate.LiferayPropertyAccessor" name="email" type="com.liferay.portal.dao.orm.hibernate.StringType" />
		<property access="com.liferay.portal.dao.orm.hibernate.LiferayPropertyAccessor" name="mobileno" type="com.liferay.portal.dao.orm.hibernate.StringType" />
		<property access="com.liferay.portal.dao.orm.hibernate.LiferayPropertyAccessor" name="dob" type="org.hibernate.type.TimestampType" />
		<property access="com.liferay.portal.dao.orm.hibernate.LiferayPropertyAccessor" name="gender" type="com.liferay.portal.dao.orm.hibernate.StringType" />
		<property access="com.liferay.portal.dao.orm.hibernate.LiferayPropertyAccessor" name="hobbie" type="com.liferay.portal.dao.orm.hibernate.StringType" />
		<property access="com.liferay.portal.dao.orm.hibernate.LiferayPropertyAccessor" name="age" type="com.liferay.portal.dao.orm.hibernate.StringType" />
		<property access="com.liferay.portal.dao.orm.hibernate.LiferayPropertyAccessor" name="imagename" type="com.liferay.portal.dao.orm.hibernate.StringType" />
		<one-to-one access="com.liferay.portal.dao.orm.hibernate.PrivatePropertyAccessor" cascade="save-update" class="mainbuilder.model.UsersImageuploadBlobModel" constrained="true" name="imageuploadBlobModel" outer-join="false" />
		<property access="com.liferay.portal.dao.orm.hibernate.LiferayPropertyAccessor" column="password_" name="password" type="com.liferay.portal.dao.orm.hibernate.StringType" />
		<property access="com.liferay.portal.dao.orm.hibernate.LiferayPropertyAccessor" name="address" type="com.liferay.portal.dao.orm.hibernate.StringType" />
	</class>
	<class lazy="true" name="mainbuilder.model.UsersImageuploadBlobModel" table="Lr_Users">
		<id column="id_" name="id">
			<generator class="foreign">
				<param name="property">mainbuilder.model.impl.UsersImpl</param>
			</generator>
		</id>
		<property column="imageupload" name="imageuploadBlob" type="blob" />
	</class>
</hibernate-mapping>