<?xml version="1.0"?>

<model-hints>
	<model name="mainbuilder.model.Users">
		<field name="uuid" type="String" />
		<field name="id" type="long" />
		<field name="firstname" type="String" />
		<field name="lastname" type="String" />
		<field name="email" type="String" />
		<field name="mobileno" type="String" />
		<field name="dob" type="Date" />
		<field name="gender" type="String" />
		<field name="hobbie" type="String" />
		<field name="age" type="String" />
		<field name="imagename" type="String" />
		<field name="imageupload" type="Blob" />
		<field name="password" type="String" />
		<field name="address" type="String" />
	</model>
</model-hints>