<?xml version="1.0"?>
<!DOCTYPE service-builder PUBLIC "-//Liferay//DTD Service Builder 7.3.0//EN" "http://www.liferay.com/dtd/liferay-service-builder_7_3_0.dtd">

<service-builder dependency-injector="ds" package-path="mainbuilder">
	<namespace>Lr</namespace>
	<!--<entity data-source="sampleDataSource" local-service="true" name="Foo" remote-service="false" session-factory="sampleSessionFactory" table="foo" tx-manager="sampleTransactionManager uuid="true"">-->
	<entity local-service="true" name="Users" remote-service="true" uuid="true">

				<!-- PK fields -->

		<column name="id" primary="true" type="long" />

		<!-- Group instance -->


		<!-- Audit fields -->


		<!-- Other fields -->

		<column name="firstname" type="String" />
		<column name="lastname" type="String" />
		<column name="email" type="String" />
		<column name="mobileno" type="String" />
		<column name="dob" type="Date" />
		<column name="gender" type="String" />
		<column name="hobbie" type="String" />
		<column name="age" type="String" />
				
		<column name="imagename" type="String" />
		<column name="imageupload" type="Blob" />
		
		<column name="password" type="String" primary="false"/>
		<column name="address" type="String" />
				
		
		
		
   		 <finder name="email" return-type="Collection">
            <finder-column name="email"></finder-column>
        </finder>

		<reference entity="AssetEntry" package-path="com.liferay.portlet.asset" />
		<reference entity="AssetTag" package-path="com.liferay.portlet.asset" />
		
		
		
	</entity>
	
	
</service-builder>