<?xml version="1.0"?>
<!DOCTYPE service-builder PUBLIC "-//Liferay//DTD Service Builder 7.3.0//EN" "http://www.liferay.com/dtd/liferay-service-builder_7_3_0.dtd">

<service-builder dependency-injector="ds" package-path="student">
	<namespace>lf</namespace>
	<!--<entity data-source="sampleDataSource" local-service="true" name="Foo" remote-service="false" session-factory="sampleSessionFactory" table="foo" tx-manager="sampleTransactionManager uuid="true"">-->
	<entity local-service="true" name="Student" remote-service="true" uuid="true">

		<!-- PK fields -->

		<column name="studentid" primary="true" type="long" />

		<!-- Group instance -->

		<!-- Audit fields -->
		<column name="createDate" type="Date" />
		<column name="modifiedDate" type="Date" />

		<!-- Other fields -->

		<column name="name" type="String" />
		<column name="rollno" type="String" />

		<!-- Order -->
        <column name="subject" type="String"></column>

	
		<!-- Finder methods -->



		<!-- References -->

		<reference entity="AssetEntry" package-path="com.liferay.portlet.asset" />
		<reference entity="AssetTag" package-path="com.liferay.portlet.asset" />
	</entity>
	
	<entity local-service="true" name="Todo" remote-service="true">

		<!-- PK fields -->

		<column name="todoid" primary="true" type="long" />

		<!-- Group instance -->

		<!-- Audit fields -->
		<column name="createDate" type="Date" />
		<column name="modifiedDate" type="Date" />

		<!-- Other fields -->

		<column name="title" type="String" />
		<column name="discription" type="String" />



		<!-- References -->

		<reference entity="AssetEntry" package-path="com.liferay.portlet.asset" />
		<reference entity="AssetTag" package-path="com.liferay.portlet.asset" />
	</entity>
</service-builder>