<?xml version="1.0"?>

<model-hints>
	<model name="student.model.Student">
		<field name="uuid" type="String" />
		<field name="studentid" type="long" />
		<field name="createDate" type="Date" />
		<field name="modifiedDate" type="Date" />
		<field name="name" type="String" />
		<field name="rollno" type="String" />
		<field name="subject" type="String" />
	</model>
	<model name="student.model.Todo">
		<field name="todoid" type="long" />
		<field name="createDate" type="Date" />
		<field name="modifiedDate" type="Date" />
		<field name="title" type="String" />
		<field name="discription" type="String" />
	</model>
</model-hints>